YEAR,MONTH/STATIONS,GITEGA,BUTAMWA,KIGALIAERO,BUSASAMANA NYANZ,NYAMIYAGA,RURANGAZI,CYILIRiceCooper,KIGEMBE,GAKOMA,MUKINDOSECTOR,RUNYOMBI,CYAHINDA,KIBEHO,NYAKIBANDAGRAND,SIMBI,BURUHUKIRO,CYANIKA,GIKONGOROMET,KIGEME,GATARE,KADUHA,MUSHUBI,MUDASOMWATARE,GITWE,BYIMANA,KINAZI,KIGOMARUHANGO,KIVUMU,KIBANGU,NYABINONI,NYAMABUYE,RUGENDABARI,GIHINGAGACUR,KAYENZI,MUGINA,GISHYITA,RUBENGERAMET,RUGABANO,TWUMBA,BONEZA,GIHANGO,MURUNDA,RYABIZIGE,GISENYIAERO,KANAMA,NYUNDO,BIGOGWE,RWANKERINYABIHU,GATUMBA,MURAMBAPAROISSE,KABAYA,NYANGENGOR,SOVU,BUGARAMARIZ,KAMEMBEAERO,NKANKA,NYAKABUYE,NTENDEZI,CYATO,NYAMASHEKE,KANJONGO,KIRIMBI,SHANGI,CYINZUZI,RUTONGO,MUGAMBAZImuramb,RUKOZO,RUSIGA,CYABINGO,JANJA,MINAZI,NEMBA,RULIMUSASA,RUSHASHI,REMERARUHONDO,BUSOGOISAE,RUHENGERIAERO,KINIGI,NYANGEMUSANZE,SHINGIRO,BUTARO,KAGOGO,NTARUKA,RUHUNDE,RWESERO,BYUMBAMET,MULINDIUSINE,KABEZANYAM,GISHARI,RWAMAGANA,NZIGE,NYAKIGANYAGATAR,KAGITUMBA,NYAGATARE,RWEMPASHA,GASANGE,KABARORE,KIZIGURO,NGARAMA,NYAGAHANGAEFA,RWIMBOGO,GAHINI,KABARONDO,MURUNDI,KAYONZA,MWIRI,KAWANGIRE,NDEGO,KIREHE,MPANGA,NYAMUGALIKIREHE,NYARUBUYE,JARAMA,KIBUNGOKAZO,SAKE,ZAZA,NYAMATA,RUHUHA,JURU
2021,January,157.2,129.6,168.9,254.4,136.4,156,66.5,69.7,79.2,82.9,86,93.4,161.1,125.7,105.5,286.7,205.6,138.5,71.4,129.6,152.6,130.8,139.1,133.7,86.1,93.9,131.9,110.8,64.8,168.5,70.2,80.6,116.9,126.7,115.6,162.3,148.6,141.5,196,183.6,169.4,185,95.9,5.2,125.7,174,67.7,130.6,64.6,94,129.5,135.1,103.9,138.9,217,132.1,212.4,191.1,149.3,97.9,116.1,166.2,92.7,119.3,118.6,108.1,36,68.3,87,118.9,97.4,122,141.6,130.9,55.7,144.5,112.2,88.5,46.7,78.2,114.6,67.3,25.3,73.2,169.1,86.8,-99,136.4,110.6,229.6,99.4,115.4,50.7,64,26.7,121.9,142.9,110,85.3,86.9,263.7,83.4,162.4,-99,81.7,101.7,122.8,104.6,152.3,148.2,133.7,139.2,171.7,125.3,185,166,108.7,102.8,175
2021,February,138.9,138.8,87.2,220,145.8,178.4,60.5,166.1,90.9,107.6,112.3,259.4,208.2,246.2,90.1,260.4,71.7,138.5,137.2,163.8,133.2,114.5,155.1,116.2,227.4,46.3,203.8,180.3,140.5,190.2,106.8,104.8,106.9,96.3,68.1,248.1,210.1,160.8,281.9,174.6,221.5,189,113.5,56.5,141.4,149.1,145.3,75.9,90.4,73.6,172.8,101.2,196,75.1,233.9,164.1,137.5,260.9,200.4,245.9,157.1,192.4,256.9,118.1,104.2,40.7,125,125.1,74.2,134.7,133,133.3,62.4,100.2,88.4,111.8,111.8,132.4,30.5,71.2,81,81.1,30.4,114.7,149.8,131.3,118.7,145.8,31,34.2,69,157.9,71.9,75.9,21.3,110.1,116.2,85.5,160.4,197.3,42,35.7,22.1,-99,93.7,107.2,50.4,71.4,31.7,131.4,22.2,104.4,133.3,86.2,171.6,108,72,96.7,154.7
2021,March,173.3,78.4,112.5,114.4,88.3,130.2,95.9,95.9,102.7,153.9,189.9,117.4,281.7,117.7,109.4,145.6,88.7,129.2,131.4,152,80.2,153.6,141.4,87.5,101.3,93.5,93,102.7,122.7,220.5,52.1,100.8,86.3,118.2,120.7,84.5,64.2,137.2,166.9,121.3,80.9,106.3,87.6,52.4,117.4,120.2,63.2,120.2,159.7,111.2,124.4,63,66.3,174.6,214.1,141.4,213.1,164.7,108.8,112.4,115.4,130,171.6,131.5,102.6,95.2,71.8,141.8,158.4,95.6,97.1,118,97.8,54.6,91.4,150.2,99.3,97.8,190.7,171.6,117.3,118.2,106.7,77,89.3,89.2,105,104.7,91.9,111.2,135.1,115.9,127.3,111.3,95.5,41.8,140.4,96.4,123.3,97.8,174.6,123.8,160.4,97.6,109.1,139.7,138.9,53.2,79.7,112.5,94.8,130.5,92.4,170,79.3,164.6,141.4,101.4,122.4
2021,April,130.9,92.1,94.4,122,146.3,148.7,140.7,170.4,165.4,137,184.9,153.7,160.8,146.1,122.9,405.4,182.3,198.3,248,197.9,259.4,250.6,175.5,147,211.5,84.1,97.2,139.3,165.3,301.1,109.2,145.6,131,88.8,69.7,181,184.4,257,297.6,125.7,165.7,140.1,150.3,32.5,118.2,124.6,72.3,186.6,211.5,163.9,200.6,176.8,133.6,156.1,150,172.9,151,227.9,138.1,149.3,99.1,194.4,189,166.4,138.9,42,113.9,159.2,128.6,220,153.1,212.2,110,185.1,106.8,151.9,180.4,239.2,348.4,228,165.3,182,191.7,129.9,114.1,183.1,163,120.5,131.2,171,129.8,114.7,51.5,60.5,47.8,98.5,101.9,96.4,85.9,118.5,126.5,121.9,137.1,140.4,172.3,95.6,149.2,123.4,184,196.6,140.6,154.6,154.7,299.6,138.7,189.8,82.5,115.2,79.7
2021,May,158.2,127.6,124.1,154.1,-99,130.5,38.2,228.6,173.7,124.4,225.9,140.1,161.5,176.5,201.3,338.5,134.2,212.3,246.5,232.7,285.6,228.8,208,115.4,124,110.1,160.4,235.2,245.1,309.5,167.7,182.8,161.1,202.6,169.2,152.3,155.3,227,-99,204.7,-99,156.9,79.9,71.7,115.6,97.4,-99,119.6,245.5,141.1,169.3,149.1,145,130,99.6,92.5,193.9,124.1,167.2,114.4,112.4,135.5,93.2,116.8,149.2,-99,136.9,200.4,118.3,141.7,122.2,197.9,194.9,176,178.7,185.5,121,183.7,163.3,134.5,144.8,97.5,142.3,148,74.4,225.6,148.4,169.1,123.9,99,114.1,89.7,128.6,70.2,67.2,175.1,41.8,107,124.5,-99,115.2,158.7,96.3,-99,121.5,144.5,119.2,71.3,79.2,60.5,146.3,64.3,123.7,123.2,128.1,132.8,117.7,75.8,127.5
2021,June,1.5,0,0,0,23.1,5,0,7.8,0,4,13.5,1.2,3.4,2.3,0.9,14.3,5.4,7.7,97.8,36.1,75.2,29.5,3.6,9.2,9,7.7,9.7,8.8,5.6,18.1,5.7,1.8,4.2,5.7,1.6,63.6,29.5,32.7,29.5,167,-99,44.8,56.7,71,60.1,-99,-99,80,12.4,27.6,16.2,0,-99,17.5,52.4,55.9,42.7,63.4,26.3,-99,68.2,56,18.1,6.5,29.6,-99,2.5,27,8.4,17.9,15.8,7.8,3,20.7,-99,77,51.7,156.3,49.8,60.2,17.3,35.7,21.6,6.4,11.3,31.2,30.8,-99,0.2,3.1,0,0.4,1,0,0,3.9,5,0,7.9,-99,0,0,0,0,31.6,0,0,0,3.2,0,0,0,1.1,0,0,0,0,0.2,0
2021,July,10.6,0,3.2,0,0,0,0,0,0,0,0.9,1.1,0,2.2,0,11,1.4,0.9,0,5.2,0.2,9.1,0,0,0.7,3,0.3,0.5,8.4,11.2,0,19.4,3.3,13.7,0.6,1,21,22.2,0,47.2,0.6,7.8,13.8,3.5,10.7,14.2,-99,15.5,14.7,6.7,0,0,5.4,5.1,15.5,51.2,8,29.3,34.1,3.1,3.6,5.4,26.1,24.9,13.9,17.7,8.2,7.5,19.2,12.8,1.2,13.2,3.5,1.7,40.2,40.2,42,63.6,41.3,88.8,29.5,29.4,21.2,18.1,17.5,25.7,23.3,6.6,0.6,3,0,6.7,0,9.9,0,4.2,0,0,0.5,2.2,0.2,0,0,0,0.1,0,0,0,0,0,0,34.8,0,0,0,0,0,0,0.1
2021,August,63.7,51.1,17.4,89.3,-99,73.9,15,0,19.3,22.9,55.7,51.4,87.3,43.3,58.1,216.9,96.2,109.8,265.5,108.8,75.9,86,133.4,50.6,77.4,51.3,61.4,108,145,166.9,80.9,131.9,36.6,91.1,74.4,129,104.6,122.8,131.8,111.4,114.7,139.8,150.9,54.5,91.2,161.2,242,201.1,98,147.1,164.3,36,102.8,31.9,48.7,54.3,59.9,119.9,81.9,6.6,51.7,151.2,68.2,83.7,93.2,78.9,125.3,58.6,123.6,116.5,63.6,107.6,68.2,65.1,66.6,218.2,123.2,99.1,102.4,184.9,154.1,130.6,181.7,125,46.8,65,100.1,64.9,5.8,8,12.6,97.5,29.8,27.4,17.7,18.4,23.6,50.1,63.9,-99,18.2,27.7,60.8,4.3,7.1,16.6,20.4,1,15.6,7.3,19.5,25.9,44.2,9.1,21.3,28.1,50.5,23.8,7.2
2021,September,91.1,33.6,72.1,-99,96.7,37.1,100.6,14.2,111.9,111.5,101.8,152.1,131.3,87.8,104.7,160.4,51.7,75.9,100.8,101.7,83,104,86.7,49.5,85.1,113.8,54.5,45,114.9,163.4,36.5,83.6,100.8,118.5,55.4,100.5,99.7,155.4,139.9,156.1,-99,139.3,167.1,54.9,179.6,185.5,130.2,148.5,130.3,96.5,132.6,56.3,-99,41.2,95.6,93.2,119.8,243.3,106.5,83.5,104.7,113.8,153.2,80.9,54.8,-99,113.1,140.7,160.7,62.3,165.9,128.6,147.6,128.1,145.7,193,119.1,171.5,145.5,149,159.7,162.1,156.5,108.5,135.7,115.2,122.7,-99,55.5,49.7,83.4,65.3,63,68.2,82.2,96.9,89.8,43.7,97.8,114.1,47,39.7,80.7,97.5,42.1,60.8,26.1,2.4,19.1,37.2,0,34.8,32.8,88.5,37.6,52.2,37.7,79.1,37.5
2021,October,56.4,49.5,62.3,143.8,97.8,135.2,101.4,213.9,127.4,-99,130.2,160,241.3,119.1,125.2,271.5,179.1,213.3,267.5,138.1,116.4,196.6,158.8,149.9,93.1,82.2,96.6,120.8,114.5,224.4,139.3,71.3,140.3,85.9,70.3,175.6,105.4,168.7,313.2,227.5,-99,129.6,115.9,122.4,146.8,114.3,321.1,174.4,74.3,124.7,128.3,118.7,-99,111.4,138.4,176.3,239,329.6,179.7,149.9,187.1,163.1,116.2,151,111.5,-99,113.4,131.2,118.9,158.2,100.3,202.2,113.3,100.1,144.5,225.9,157.1,179.3,134.9,173,259,231.1,252.2,116.4,96.7,144,133.1,-99,122.4,52.1,139.6,96.7,158.3,100.3,125,115.3,120,213.2,131.3,160.4,115.7,114.8,109.6,57.2,71.4,50.7,98.1,68.7,99.3,77.6,44.1,72.6,141.1,136.8,128,118.9,59,98.1,73.4
2021,November,104.3,131.8,84.3,207.1,-99,114.8,132.6,120.6,95.9,88.8,125,173.1,150.5,118.2,96.8,160.8,172.4,173.7,-99,95,111.8,88.7,175.1,103.7,117.4,71.8,131.6,115.9,88.6,74,77.6,129.4,92.1,88.9,83.8,-99,113.9,132.9,169,218.4,-99,84.1,64.3,86.1,55,66.9,135.5,112.9,146.8,-99,62.2,145.1,-99,97.8,125.4,132.7,201.2,188.6,99.9,96.1,119.4,116,112,103.6,62.6,-99,74.7,94.8,187.5,149.8,86.5,182.8,89.3,103.8,182.9,138.2,100,-99,55.4,69.5,111.4,127.1,96.9,68.4,86.9,97,64.4,-99,113.8,111.4,67.4,109.7,154.8,43,65.7,45,73.5,127.1,106.1,90.2,219.3,132.4,42,38.7,75.2,92.8,97.4,36.7,42.4,77,64.2,102,84.6,86.3,86.5,103.6,67.5,84.9,11.3
2021,December,93.6,85.7,101.9,89.8,127.8,76.4,87.7,123.3,-99,155.1,-99,124.4,126,130.8,93.4,171.3,108.9,142.2,224.6,163.1,131.5,148.4,91.6,80.3,137.2,128.6,91,114.1,119.9,81.3,122.8,128.7,145.4,130.2,120.6,65.5,113.5,182.1,211.6,200.4,108,97.6,86.4,94.7,112.6,81.6,118.6,257.6,139.6,127.9,169.8,238.1,175.4,69,76.5,55.4,123.3,199.4,83.4,80.8,64.3,55.5,93.8,111.3,111.9,-99,131.1,184.1,213.6,163.9,102.2,219.4,80.5,107.3,152.7,229.2,138.7,149.8,84.8,117.5,125.2,68.2,130.8,109.6,83.6,139.2,170,163.5,134.3,72.6,85.6,150.7,157.2,153.1,103.8,150.4,169.7,126.6,160.9,187.9,185.2,101.5,128.5,125.5,68.5,97.7,119.3,98,63.2,76.5,88.9,67.3,188.7,193.2,135,159.8,55.5,82.7,121.2
2022,January,79,121.3,3.9,145.8,91.8,176.7,68.7,156.3,-99,99.7,92.2,101.7,132.6,163.3,83.8,-99,151,193.1,124.3,155.6,188.8,116,157.6,178.1,178.9,126.8,141.1,94.7,163.8,180.9,55.8,187.4,165.2,124.6,107.2,189.9,160.4,131.2,180.8,205.5,185.9,146.8,142.6,221.7,191,152.8,87.2,90.9,151.8,207.9,236.9,91.7,111.9,89,146.6,141.6,136,207.6,159.6,136.5,115.7,183.9,146,73.3,116.1,89.3,60,138.1,67.9,218.2,98.5,85.1,115.5,123.9,81.9,106.2,56.6,123.6,56.7,82.5,82.1,94.6,65.7,66.3,77.1,50.8,58.7,122.3,121.3,74.2,98.8,43.7,15.7,35.1,29.3,53.4,64.5,78.7,16.6,34.5,58.6,18.4,74.6,36.3,28.1,46.7,90.8,35.2,69.2,109.5,36.5,33.7,86.7,68.8,50.6,61.6,189,122.7,140.2
2022,February,206,206.1,186.4,249.7,211.9,188.2,139.8,123.1,-99,108.8,265.7,180.8,247.1,178.8,219.7,-99,200.2,245.4,277.5,-99,333.2,301.1,313,150.7,242.3,170.7,262.4,194.8,145.8,231.6,182.9,317.9,222.6,242.1,137.2,126.6,144.5,153.7,249.9,212.9,283.1,236.7,136.4,91.5,202,114.6,139.8,153.2,176,193.8,186.6,229.9,215.3,139.3,197.2,235.8,274.1,330.2,242,204.1,258.9,122.8,178,201.8,252.3,153.2,175.9,283.2,88.4,217,189.9,175.3,129.3,310.9,125.9,174.3,81.2,47,79.4,80.9,168.2,121.8,123.4,213.4,209.2,206,154.5,173.1,175.6,-99,-99,82.1,81.9,85.4,118.2,195.9,126.6,174.9,81.2,136,186.8,150.7,228.7,229,164.5,203,184.7,190.2,152.7,136.2,-99,103.1,207,223.7,156.1,181.9,194.4,123.9,175.9
2022,March,137,96.4,145.6,103.8,160,110.8,133,154.7,86.4,205.3,98.4,117.4,163.1,110.9,128.5,-99,109.7,99.8,121,163.9,94.8,126.5,173.1,56.7,122.4,130.8,91.1,138,125.5,124.8,-99,199.1,126.8,118.2,80.6,149.7,182.6,242.4,130.6,167.5,139.6,98.3,144.3,84.7,154.8,141.7,121.6,125.8,192.7,174.2,177.6,86.1,150.3,167.8,202.8,180,207,263,246.1,199.2,171.8,233.5,210.8,166.2,195.2,158.1,167.2,233.2,141.3,165.2,160,168.5,98.9,220.3,149.1,137,129.9,179.2,52.5,106.5,145.6,161,186.8,235.4,-99,138.9,-99,152,140.8,140.5,107,76.3,95.4,99.2,93.9,101.9,96,124.7,90.9,169,80.1,70.2,108.6,45.7,66,112,110.9,69.1,75.4,117.7,134.9,93.2,127.7,71.1,74.9,137.4,104,93,45.6
2022,April,121.7,111.6,-99,234.2,185.5,277,156.9,149.3,168.3,209.1,227.1,185.2,172.5,130.2,165.4,-99,140.5,161.7,210.8,243.7,243.4,250.7,174.5,190.5,156,157.7,149.3,153,167.9,206,110.8,165.6,195.9,160.1,204.5,325.9,201.1,194.7,385.9,285.5,214.1,217.9,166.3,158.6,182.6,94.1,194.9,193.2,191.6,152.1,208.7,139.4,345.9,205.1,327.2,223.7,230.1,320.7,251.8,176.9,149,302.1,258.7,139.6,160.7,144,195.4,-99,167.4,154.6,159.9,205.2,150.7,124,163.2,190.1,162.1,264.2,183.6,151.8,227.9,148.3,166.2,184.5,146,269,-99,173.6,203.9,159.8,129,124,80.9,-99,123.8,154.7,141.5,131.4,121,165.7,221,149.7,210.1,68.7,186.9,192.1,210.5,73.1,101,113,-99,117.6,136.9,174.8,-99,195,167.5,211,81.6
2022,May,37.9,56.6,33.2,237.1,84.4,90.9,100.8,122.3,95.9,60.2,29.4,49.2,80,57.8,-99,-99,137.8,121.3,181.1,221.9,113.1,132.1,201.8,108.4,98.7,69.4,39.8,123.2,194,-99,-99,-99,112.9,72.9,73.8,145.7,86.8,83.8,106.8,172.7,91.8,116.6,92.4,57.2,71.4,112.5,117.4,101.9,148.6,124.7,182.2,126.7,99.4,98.2,95.7,102.8,148.6,165.9,215.5,103.2,79.8,145.4,-99,88.8,73.9,67.4,90.8,142.6,80.6,146,116.6,-99,58.2,-99,98,151.7,197.8,158.6,139.7,-99,105.8,66.7,139.1,101.8,63.2,117.8,85.4,68.2,60.3,72.8,53.1,53.7,36,28,105.5,15.9,85.4,36.8,77.9,130.9,81.2,47.8,58.9,70.9,22.6,-99,61.3,59.5,24.1,91.3,27.5,70.4,59.3,53.4,53.9,62.5,40.8,38.7,29.7
2022,June,4.8,1.6,9.4,0.3,3.9,0.5,0,1.8,0,0.7,0.9,0,3.4,1.5,6,-99,13.1,13.4,7.6,11.9,3.9,2.3,5.9,0.6,12.4,1.7,0,2.5,3.4,4.4,6.2,2.2,1,2.5,11.4,12.3,14,7.3,22.5,4.1,0.2,7.6,57.5,30.2,65.7,32.5,19.9,18,3.7,-99,10.5,7.8,11.2,2,11,26.6,-99,25.8,16.5,4.3,12.2,39.9,0,14.5,6.2,6.5,2.4,9.4,3.9,5.4,4,4.7,13.1,7.7,9.7,29.8,25.4,47.8,31.1,25.7,3,7,5.9,11,-99,12.4,1.7,3.9,0,5.8,0,2.1,8.9,0.6,5.6,19.5,1.2,42,4.5,5.9,0,0.3,0,0,0,0,1,0,0,0,0,0,1,0,0,0,0.1,5.7,0
2022,July,4.2,-99,13.5,0,2.5,13,0,-99,0,0,-99,0.1,16,0.3,-99,10.2,1.1,3.1,2.8,35.2,39.7,41.4,6.3,24.6,57.2,0.2,49,10.3,-99,-99,-99,-99,2.5,28.3,2.4,31.2,11.5,21.7,-99,28.4,5.4,43.8,36.9,25.5,46.3,73.4,13.2,39.7,5.3,10.6,5,3.8,0,3.1,64.4,42.2,54.2,38.6,30.5,57,52.8,55.5,110.8,0.4,2.8,6.3,1.9,2.1,21.2,22.5,3.4,4.4,1,1.5,18.5,32.7,17.2,22.6,21.5,-99,10.4,8.7,17.8,2.7,-99,2.5,25.1,2.7,-99,14.5,20.5,-99,13.9,36.1,24.6,1.6,3.6,0,-99,15.3,8,-99,8,-99,13.6,16.1,3.1,2.4,0,2.4,0,4.8,14.1,4.4,37.2,15.8,0.4,0,1.5
2022,August,61.3,57.7,90,81.5,30.3,151.2,102,79.6,-99,62.5,-99,85.1,146.8,76.9,143.1,-99,132.1,136.1,175.4,169.9,144.9,121.9,143.5,90,117,149.7,48.2,90.7,128.7,117,82,111.5,85.5,135.2,96.2,148.6,131.7,78.1,185.7,126.6,143,89.8,246.6,143,-99,68.5,89.8,150.7,113.9,90.5,123.2,100.7,105.9,41.6,44.3,60,51.2,133.6,146.8,141,126.9,117.2,82.7,153.8,198,150.2,143.7,148.3,143.6,160.6,124.9,136.8,155.7,134.4,161.9,163.6,-99,178.7,174.8,175.3,204.5,189.4,158.6,133.1,135.9,166.7,195.1,159.9,56.7,103,46.5,66.5,82.4,65,89.7,114.2,98.6,139.6,-99,163.2,79.2,77.8,54.9,109.8,23.7,54.8,64.6,9.6,23.8,57.6,4.5,20.4,81.1,34.6,61.8,62.1,130.2,154.9,71.2
2022,September,106.7,-99,111.3,116.2,-99,148.7,-99,43.7,90.4,60,-99,39.7,109.8,57.5,88.6,-99,138.2,161,139.4,116.7,115.1,-99,183.1,83.6,40.3,60.6,52.3,41.6,63.4,111.7,125.6,102.8,101.3,-99,49.8,195.3,147.6,115,182.3,-99,98.9,101.3,111.2,130.2,-99,43,69.5,135.2,79.7,125.9,97.3,58,94.7,43.5,136.2,155.7,63.5,211.4,206.7,110.7,-99,154.4,112.2,179.4,103.1,142.1,188.1,136,131.1,108.3,62.1,140.3,94.9,74.5,169.3,192.9,179.6,125.5,150.1,-99,161.8,133.1,209.2,164.3,-99,121.2,177.6,120.6,68.3,88.9,59.2,125.3,121.3,132.9,102.5,101.2,109,118.6,87.3,122.8,65.2,77.5,87.1,85.4,129.2,83.5,81.2,64.2,24.5,54,52.1,40.4,69.9,83.3,95.4,87.7,65.4,88.5,51.7
2022,October,-99,24.3,55,32.5,-99,126,26.9,62.7,-99,56.8,-99,82.8,110.2,43.2,31.7,-99,-99,58.9,119.5,97.8,56,52.7,67.6,11.8,21.2,34.3,4.8,24.2,50.2,83.2,130.4,34.4,32.1,29,21.2,78.6,83.3,70.2,37,137.2,51.2,61.5,88.7,82.5,-99,65.2,48.7,67.2,62.7,-99,98.9,71.7,53.2,85.4,178.5,147.7,96.8,326.1,82.4,79.3,66.4,118.7,134.8,56.4,68.4,28.9,103.8,60.4,83,78.2,-99,72.9,17.9,66.9,82.6,92.4,97.8,109.1,110.4,151.9,98.4,133.6,142.5,58.3,60.8,97.4,78.9,59.4,26.4,14.6,89.5,85.4,82.1,129,167.5,37.1,112,35,75.5,61.1,135.6,31.7,66,35.7,25.5,31.6,34.3,49.3,73.5,103.2,22.8,56.4,101.5,91.7,97.3,89.9,32.5,-99,50.4
2022,November,216.9,-99,164.5,272.1,-99,-99,236,235.1,-99,173.4,490.4,314,306.4,210.7,-99,-99,-99,225.5,-99,339.3,313.6,388.5,342.7,167.3,222.2,209.9,119.7,196.7,198.7,245.5,105.5,-99,242.5,176.5,200.4,279.2,193.8,154.7,347.9,-99,276.4,203,142.4,181.1,150.3,268,181.5,272.2,213.1,-99,265.8,175.5,351.2,182.9,228.9,226.6,-99,372.8,329.1,239.4,135.5,237.4,210.2,157.5,87.2,121.4,120.6,136.5,250.8,349,233.8,350.2,168.6,201.4,341.4,195.2,317.2,110.9,305.3,-99,185,144.8,207.6,123.4,166.6,134.9,141.8,107.7,159,-99,200.3,129.4,225.9,175.5,140.1,168.8,190.3,132.5,126.3,117.2,361,-99,93.6,149.9,120.8,117.1,120.9,77.9,121.5,166.5,-99,213.3,108.9,181.5,86.8,96.2,236.6,168.5,167.9
2022,December,150.9,-99,121.5,138.9,-99,-99,137.6,39.4,-99,136.9,168.1,101.1,124.3,140.3,181.1,-99,-99,116.5,-99,219.1,200.1,200.2,204.5,145.9,224.8,187.6,105.8,292.6,216.8,-99,104.4,-99,244.5,218.5,222.1,175.7,157.2,157.4,263.5,-99,178.5,161.8,-99,92.4,144.1,-99,86.8,177.2,225.3,-99,225.4,-99,287.6,260.4,142,201.3,200.5,230.5,167,-99,-99,248.2,-99,162.7,67.9,123.2,66.8,166.3,151.8,230.9,124.2,168.6,165.8,209.5,122.3,184.4,168,149.8,84.8,-99,161.1,72.5,142.7,94.6,-99,109.3,179.9,51.2,110.7,-99,110.9,-99,110,61.9,129.2,43.5,110.3,69.4,-99,148.4,65.2,86.1,49.4,114.4,73,91.3,69.6,33.9,84.3,132.1,49.7,115.2,162,79.8,115,66.3,255.5,-99,175.8
2023,January,28.7,-99,37.2,71.7,14.3,-99,97.9,-99,79,43,17.3,101.7,98.5,87.8,106.9,230.7,107.2,111.6,-99,157.8,108.3,161.6,108.8,126.2,131.5,66.1,44.9,60.3,122.6,102.7,29.9,101.8,136.6,-99,-99,103.9,150.1,121.1,-99,295.9,106.9,56.4,-99,53.1,143.8,107.5,-99,46.1,79.2,75.3,75.5,51.4,-99,113.5,76.1,97.5,-99,-99,135.1,53.5,51.1,65.8,196.5,43.2,40.2,42,25.1,94.3,20.4,79.2,42.7,74.3,181,-99,51.1,83.7,37.2,39.7,17.9,-99,80.7,73.4,33.5,41.3,21.5,81.6,96.3,23.8,-99,-99,-99,-99,68,-99,-99,35.3,31.4,-99,-99,80.8,-99,28.3,62.9,-99,38.5,-99,11,37.5,96.6,-99,25.7,-99,40,97.1,58.7,46.3,29,-99,46.9
2023,February,32.2,-99,18.8,50.5,18.3,78.6,40.2,-99,40.4,144.1,146.4,181.4,130.9,105.7,89.1,111.9,118.3,108.8,-99,121,119.6,102.8,113.5,36.6,55.2,59.8,32.5,32.2,88.8,94,17.8,70.5,61.9,46.6,-99,73.8,0,79.3,-99,146.6,97.8,39.5,112,43.4,99.7,125,36.9,68.7,50.4,30.7,34.2,33.4,-99,169.9,190.1,178.1,-99,-99,155.8,121.8,72.1,119.1,-99,77.3,32.2,48.6,12.6,69.7,34.1,43.7,37.4,54.2,76.7,-99,53.4,-99,55.3,82,105,94.2,150.2,59.9,42.1,69.9,77.6,28,60.4,41.4,-99,-99,-99,-99,61.3,-99,-99,61.3,33.1,-99,-99,72.1,-99,110.2,32.6,-99,-99,-99,55.2,52.4,152.7,-99,49.5,-99,48.2,47.7,17.7,31.4,-99,-99,43
2023,March,290.6,3,166.2,173.6,199,215.5,181.5,-99,199.6,143.5,523.1,146.2,121,181,288.3,249.2,265.3,241.9,-99,175.1,189.3,235.2,138.8,130.5,185.5,196.5,155,183.4,157.8,196.8,93.8,149.2,232.4,177.4,155.5,236.2,0,196.7,213,280.7,222.8,107.6,156.4,159.1,239.6,195.1,-99,108.6,194.2,164.1,143.7,61.4,320.1,201.3,182,179.9,139.7,334.5,299.3,-99,178.3,254.2,-99,227.4,137,248.5,217.8,232.4,162.3,140.4,206.3,196.2,264.3,262.1,-99,119,163.9,229.9,163.2,140.1,188.4,165.5,150.8,262.8,159.9,281.7,133,156.1,161.4,-99,230.4,-99,171.8,-99,135.8,187.4,159.6,240.9,-99,197.8,342.6,220.3,218.7,199.8,-99,151.9,255.3,187.8,134,174.1,43.5,177.3,164,171,155.7,178.1,214.4,-99,66
2023,April,165.7,-99,144.8,210.1,234,168.3,249.9,285.5,255.1,231.1,265.8,230.1,241.2,328.5,335.2,402.5,169.8,224.6,-99,314.3,238.8,307.7,260.7,178.7,197.5,206.7,-99,-99,232.3,243.7,142.3,294.6,196,209.9,279.9,235.7,0,352.8,-99,234,221.8,178,-99,146,301.1,130.5,246.5,258.4,299.9,260.7,323.8,101,-99,130.2,160,210.5,-99,-99,199.2,-99,175,-99,167.1,194.7,-99,188.5,161,184.6,334.4,269.7,189.5,276.1,250.1,-99,254.6,279.4,255.2,328.6,216.2,221,266.9,178.1,263.4,229.3,183.9,1,219.7,226.3,-99,-99,-99,-99,152.4,-99,-99,116.3,-99,-99,-99,188.6,-99,136.8,211.9,-99,-99,-99,102.2,110.3,-99,-99,-99,-99,281.3,2,183.1,191,153.2,215.2,81.3
2023,May,85.2,-99,53.8,238.1,62.9,90.9,95.3,69.6,93.3,54.9,-99,74.9,143.7,45.6,117.4,355,90.6,88.2,-99,178,102.9,85,126.7,-99,145,102.1,-99,-99,-99,-99,103.9,-99,112.3,0.5,151.1,-99,170.2,137.4,-99,198.4,102.3,171.9,162.2,145.9,212.8,130.2,66.3,179.2,175.2,117.2,175.5,106.1,-99,107.6,106.5,85.7,-99,-99,-99,63.3,85.1,91.2,-99,84.3,130.6,92.5,90.4,148.1,124.5,173.8,73.5,86.6,151.1,-99,98.5,181.2,142.1,253.9,183.6,127.5,191.7,105.7,52,131,95.9,84.7,-99,50.1,-99,-99,-99,-99,37.3,-99,-99,3.7,-99,-99,-99,13.3,-99,101.4,76.3,-99,119.4,-99,75.6,79,24.1,-99,26.2,-99,73.6,43.6,50.5,47.3,93.1,92.7,143.3
2023,June,0,-99,0.2,2.6,11.2,1,-99,1.6,-99,0,16.5,-99,53.7,29.1,-99,10,7.8,13.7,-99,28.6,8.8,8.6,8.1,-99,6.6,0,1.7,-99,3.3,-99,3.3,-99,1.6,2.7,6.5,56.4,35.2,0.1,-99,64.3,12.7,37.1,0,94.4,31.9,-99,3.5,46.9,5.7,5.4,17,0,-99,11.2,23,9.8,-99,-99,-99,-99,16.9,47.6,45,16,-99,2.6,36.2,12.6,0,8.6,-99,7.6,21.6,-99,-99,69,62.7,100.6,-99,-99,30,46.2,32.2,-99,2,4.8,-99,11.2,-99,3.6,-99,9,-99,-99,27,0.4,11.5,9,9.6,14.5,-99,3.5,2.4,-99,-99,-99,6.5,1.4,-99,-99,5.2,-99,0,2.6,4.1,0,0,0,56.4
2023,July,-99,-99,0,0,0,0,-99,0,-99,0,0.2,0,0.1,1.5,-99,0,5.3,4.2,-99,0,0.4,1.2,3.1,0,0,0,0,-99,0.2,-99,0,-99,0,0,0,10.7,0.6,0,-99,11.1,0,1,1.9,4.7,0.9,0,0,0,0,0,0.2,0,-99,0,0,1,-99,4.4,-99,3.1,3.2,0,0,0,-99,0,4.9,0,-99,0,0,0,0,-99,-99,0.4,0,0,-99,0.4,3.4,1.8,1.6,-99,0,0,-99,0,-99,0,-99,0,-99,-99,0,0,0,0,0,0,-99,0,0,-99,-99,0,0,0,-99,-99,0,-99,0,0,0,0,0,0,1.7
2023,August,-99,-99,0.2,11.5,29.7,1,-99,0,-99,0,8.6,-99,0,0.3,-99,0,2.1,0,-99,0.1,3.6,0,0.9,8.5,8.5,3.3,0,-99,1.5,-99,0.8,-99,0,0.5,0,7.5,5.3,4.6,-99,65.4,8,9.4,-99,4.3,5.9,6.1,12.8,11.9,1,1.5,0.7,-99,-99,3.2,0,0,-99,0,-99,0,0,3.7,0,12.3,14.5,8.6,3.2,10.9,-99,11.2,2.9,11.5,-99,-99,-99,17.7,11.2,5.8,2.9,7.6,10,8.4,2,-99,0.7,13.1,-99,29.7,-99,0.6,-99,0.4,0.6,-99,0,2.1,0,2.9,2.9,0,-99,0,0.7,-99,1.1,0,0,0,-99,-99,16.5,-99,0,1.7,0,0.5,0,0,0
2023,September,-99,-99,120.1,136.2,99.3,148.7,124.6,162.5,-99,116.6,79.1,114.6,231.9,118.7,-99,287.6,182,351.5,327.5,272.9,184.3,203.5,221.4,140.6,113.7,156.4,-99,86.7,167.5,-99,116,279.4,173.8,125.2,131.4,222.4,192.3,258.7,342.7,211.2,166.8,137.5,232.1,182.2,237.3,254.8,155.8,133.3,200.2,164.1,231,65.4,143.3,155.5,178.8,213.6,-99,306.6,-99,189.3,177.1,205.7,297,137.2,159.8,139.6,212.7,207,77.8,171.1,137.7,178,-99,-99,180.1,179.7,134.6,206.8,183.6,157.3,213.8,177.6,118.6,-99,156.6,214.4,-99,99.9,85.7,60.9,112.3,179.7,101.8,-99,137.8,61.7,69.8,142.3,114.9,154.5,83,93.5,51.6,141.4,-99,39,79.5,-99,114.4,68.1,-99,138,83,137.3,86,218.7,104.3,102.5,66.3
2023,October,120.8,-99,129.4,252.6,132.6,126,122.5,393.1,146.8,133.7,236.4,81.3,147.8,153.5,-99,255.1,127.5,112.3,139.3,134.2,112.8,113,167.2,127,147.7,141.1,-99,97,102.2,65.6,107.4,-99,164.7,80.8,162.9,75.3,129.9,129.6,-99,127.1,84.1,37.3,114.9,159.1,-99,94.6,131.1,190.8,88,94.2,100.2,40.9,-99,139.9,168.6,189.4,-99,283.8,-99,239.3,-99,117.6,251.3,114.2,115.7,34.4,114.2,106.2,-99,158.5,78.3,175.4,-99,93.3,-99,227.2,153.6,130.7,180.8,174.5,126,132.5,143.1,-99,80.4,67.4,95.1,132.6,-99,82.1,-99,127.1,127.8,127.8,107,135.3,85.2,133.8,132.3,139.1,-99,112.4,-99,-99,127.6,128.1,-99,-99,107.9,-99,-99,-99,66.6,138.2,157.6,141.5,79.5,-99,88.9
2023,November,138.8,159.1,143.9,230.9,123.8,-99,-99,-99,-99,-99,404.5,234.9,364.4,314.5,241.6,287.6,214.3,261.3,244.9,297.5,239.4,250.3,227.3,-99,164.2,-99,-99,155.8,162.3,137.6,141.2,-99,196.2,124.7,118.6,313.7,193.4,252.7,-99,180.1,159.2,-99,117.2,181.2,101.6,122.3,180.6,175.3,176.2,197.8,277.9,47.7,-99,281.7,231.7,-99,-99,426.5,186.2,197.4,-99,237.4,224.2,161.4,-99,-99,-99,-99,-99,-99,-99,261.1,-99,-99,-99,227.2,201.6,232.7,220.2,-99,207.3,-99,-99,-99,-99,167.7,108.4,-99,-99,218.1,-99,-99,146.7,-99,-99,191,144.7,-99,-99,-99,-99,161.9,134.1,-99,-99,-99,219.5,-99,-99,-99,-99,-99,-99,159,-99,165.9,142.8,122.4,171.4
2023,December,-99,247.3,102.1,80.8,70,153.7,-99,-99,-99,145.9,206.7,240.6,229.3,193,151.3,347.2,117.6,195,207.1,206,194.1,190.9,106.6,177.4,99.7,128.3,101,191.4,246.8,211.6,156.3,201.7,86.4,116.2,94.4,263.7,213.5,-99,-99,185.2,226.3,155.7,174.8,173,230.5,170.8,184.1,-99,163,275,167.8,-99,-99,102.7,252.6,-99,-99,-99,232.2,198.7,129,248.2,286,89.3,-99,-99,-99,-99,-99,-99,-99,-99,-99,-99,-99,174.9,138.1,220.5,193,-99,207.1,-99,-99,-99,-99,77.4,56.8,-99,-99,-99,100.5,-99,158.9,77.6,113.1,141.9,46.2,-99,-99,-99,-99,-99,99.5,116.7,-99,-99,150.8,-99,-99,-99,97.5,-99,-99,174.1,-99,186.7,124.9,90.2,113.6
2024,January,80.1,-99,148.4,197.8,93.1,233,-99,155.8,-99,97.2,328.3,153.4,224.2,-99,-99,383.1,217.7,254.9,196.7,285.4,206.4,226.6,217.4,-99,219.8,-99,157.8,-99,-99,-99,-99,-99,65.6,-99,-99,273,120.2,153.4,-99,241.8,238.5,184.7,-99,198.5,-99,-99,208.5,-99,91.8,143.1,201.8,97.9,-99,175.4,243.5,-99,-99,-99,245.9,184,196.5,243.8,-99,157.5,-99,-99,-99,-99,-99,-99,-99,-99,-99,-99,-99,118.2,120.1,68.8,-99,-99,-99,-99,-99,-99,-99,107.2,116.4,-99,-99,-99,-99,-99,115.9,146.7,-99,126,81.2,-99,-99,-99,-99,145.4,57.9,-99,-99,-99,180.2,-99,-99,-99,-99,-99,-99,93.1,-99,-99,122.1,145,157.2
2024,February,115.6,-99,108.6,99.7,110.3,78,-99,80.9,-99,117.9,-99,76.7,137,106.3,-99,163.8,105.2,136.1,-99,176.3,166.5,170.6,145.7,-99,108.3,-99,73,139.3,101.5,122.7,98.6,91.4,130,181.2,-99,107.5,66.5,137.8,232.9,219.9,141.6,158.5,87.2,110.7,85.4,-99,110.8,-99,88.6,158.3,251.7,92.1,60.3,133,109.5,183.7,-99,110.9,124.3,-99,149.4,90.3,115.9,195,125.2,-99,160.7,155.7,113.2,237,157.6,152.9,195.5,154.4,164.7,3.4,86.9,171.6,203.6,-99,149.3,66.4,100.1,-99,-99,179.5,71.9,-99,-99,117.4,101.7,-99,116.5,120.1,72.8,40.8,111,58.2,-99,-99,73.8,78,135,89.4,-99,-99,52.1,-99,97.4,-99,-99,137.5,-99,89.1,-99,91,149.8,170.7,104.6
2024,March,99.8,-99,84.7,90.4,86.5,78.1,-99,80.8,-99,86.8,-99,111.1,-99,91.4,-99,147.4,107.5,239.5,146.5,188.2,203.3,243.4,124.3,264.6,78.2,64.8,96,-99,163.2,-99,-99,-99,50.2,127.4,-99,148.8,58.3,171,339.6,191.9,85.9,90.7,86.3,135.7,96.5,122.3,105.9,71.2,111.3,83.7,108.7,182.3,52.8,187.6,209.5,233.7,-99,-99,265,139.7,93.9,215.5,190.4,133.7,169.8,-99,91.6,98.3,144.7,198.8,190.7,224,152.7,109.2,109.4,101.8,126.9,-99,142.2,-99,120.1,97.3,99.8,-99,-99,128.2,93,136.4,-99,58.9,67.2,-99,57.1,52.5,-99,60.6,45.5,101.7,-99,-99,64,54.6,102.2,133.2,-99,58.5,82.5,-99,64,118.2,119.9,112,113.7,117.3,-99,65.3,60.6,96.1,51.8
2024,April,278.8,249.5,215.4,224.8,221,298.9,-99,311.1,-99,301.9,-99,365.2,-99,357.3,-99,348.6,229.7,303.1,299.2,364.8,187,306.4,308.9,186,311.9,203.2,190.4,273.6,247.4,343.2,344.6,-99,139.1,259.8,295.2,131.8,218.3,247.2,212.3,495,220.9,264.1,128.5,170.5,107.8,-99,144.7,52.6,282.4,239.5,244.8,272.7,219,197.6,170.7,206.5,-99,217.2,308.1,138.5,130.7,195,162.4,181.7,196,-99,208.2,-99,183.4,302.5,337.5,295.4,286.7,269.3,193.6,174.2,230.1,211.2,207.8,-99,276.7,177.6,162.7,245.1,-99,184.5,160.7,134.5,87.4,130.5,-99,-99,83.9,108,-99,142.9,212.5,166.9,182.5,-99,155.5,132.4,140.6,87.1,125.1,70.9,116.2,-99,169.6,161.6,160.4,114.3,193.8,189.5,-99,216.5,204.8,269.5,190.8
2024,May,123.1,-99,55.3,104.1,50.8,153,-99,70,-99,-99,33.6,29.7,-99,69.3,-99,0,83.3,128.2,-99,109.6,157.3,147.4,65.9,-99,-99,53.3,-99,120.8,151.9,-99,100.2,-99,61.3,118.9,61.4,40.9,98.6,154.4,86.3,113.4,101.9,193.3,88.5,74.5,77.9,-99,102.4,-99,101.6,124.3,228.2,-99,-99,79.1,44.4,-99,-99,-99,-99,-99,50.7,45,-99,100.9,-99,-99,39.5,116.2,118.5,-99,115.7,115.7,138.7,-99,-99,72.8,163.9,-99,130.2,-99,-99,60.5,79.1,55.9,22.7,84.2,92,-99,-99,-99,-99,-99,-99,41.9,-99,-99,-99,-99,-99,-99,-99,-99,-99,-99,-99,-99,31.7,-99,-99,-99,-99,-99,-99,26.9,-99,31.4,85,107.7,17.5
2024,June,0.6,0,0.2,0,0,-99,-99,0.1,-99,-99,4.2,-99,0,0,0,0,0,128.2,1.7,1.3,0,2.9,0,-99,0,2.4,0.2,1.8,1.5,0,0,-99,0,3.5,0,6.3,0.9,6.3,2.8,74.4,0.3,1,22,47.9,47,33.1,15.3,-99,5,0.1,3,-99,-99,57.5,1.9,-99,-99,-99,6.1,-99,19.4,-99,4.8,0.1,-99,-99,6.3,5,0,-99,0,0,0,-99,6.6,3.7,2.9,-99,18.5,15.1,6.4,13.8,18.5,7.3,0,6.8,0,-99,-99,-99,-99,-99,-99,-99,-99,-99,-99,-99,-99,-99,-99,-99,-99,-99,-99,-99,2.2,-99,-99,-99,-99,-99,-99,0,-99,0,22,0,2.1
2024,July,0,0,0,4.6,0,2.8,-99,0,-99,-99,0,-99,9,4.9,2.1,0,3.6,7.8,2.4,16.3,2.8,15.7,38,4.6,2.2,0,30.5,0,21.9,1.3,5.8,0,0,3.5,0,7.6,16,20.4,6.3,17,18.4,13.5,0.7,40.4,37.2,38.8,5.2,10.1,53,33.7,31,-99,-99,2.4,21.2,-99,-99,-99,8.9,4.7,9.6,11.2,-99,0.7,-99,-99,0.7,0.4,2.5,0,5.1,10.6,3.4,-99,6.3,-99,7,-99,2.8,9.6,33.2,23.1,3.1,0.3,9.8,1.5,3,-99,-99,-99,-99,-99,-99,1.1,-99,-99,-99,-99,-99,-99,-99,-99,-99,-99,-99,-99,0,-99,-99,-99,-99,-99,-99,0,-99,-99,0,0,0
2024,August,49,32.9,20.4,7.5,26.6,13.6,10.1,2.4,0.7,0,2.2,10.3,5.3,14.5,24.7,35,1.6,34.7,19.9,24.5,34.6,32.1,11.5,7.4,13.9,11.5,1.2,16.7,16,23.9,29,37.4,29.8,15,26,61.1,42.5,34.9,62.5,72,50.8,39.9,82.2,44.9,51.1,39.5,32.7,43.4,23.9,51.6,75,16.4,20.2,6.3,1.4,10.2,10.5,59.1,40,38,21.7,16.1,26,53.9,33.1,58.8,39.6,19.8,13.2,18.1,19.5,35.8,10.5,29.1,36.3,47.9,64,71.7,30.7,34.9,39.1,56.8,30.8,29,62.9,40.2,42,55.9,62.2,79.8,23,71.7,45.8,45.3,64,27.5,15.3,48.7,-99,-99,17,107.3,18.1,60.4,66.5,88.2,55.8,4.3,8.8,24.9,5.1,7.2,23.7,9.4,35,-99,22.4,2,24.5
2024,September,84.2,-99,79.7,48.9,13.7,36.5,17.5,30.2,3.6,-99,23.8,30.1,69.8,36,78.2,64.1,79,54,91,118.7,75.7,107.1,113.9,71.3,39.8,5.8,28,54.7,75,86.3,65.5,48.7,69.5,37.8,24.5,111.9,88.8,121,132.5,97.3,96.3,59.1,63,-99,75.4,81.7,78,99.9,61.2,116.1,79.2,-99,-99,82.2,69.8,-99,-99,-99,53.2,73.8,83.1,49,91.3,47.6,-99,-99,51.1,46.4,149,118.2,54.1,65,83.1,-99,118.4,110.3,157.2,135.2,147.6,71.9,147.8,-99,88.9,80.4,64,82.1,87.9,-99,-99,-99,-99,-99,-99,37.8,-99,-99,-99,-99,-99,-99,-99,-99,-99,-99,-99,-99,34.1,-99,-99,-99,-99,-99,-99,44.5,-99,-99,12.9,5.9,16.1
2024,October,96.1,-99,110.2,122.3,111.1,119.4,-99,72.6,-99,-99,-99,-99,-99,-99,206,246.7,128.5,121.1,-99,151.4,156.4,143.1,171.6,-99,163,-99,-99,-99,-99,-99,-99,-99,-99,-99,-99,-99,188.1,-99,-99,-99,-99,-99,-99,165.6,-99,-99,-99,-99,-99,-99,-99,-99,-99,-99,115.3,-99,-99,133.2,-99,-99,-99,-99,-99,128.6,112.8,-99,133,56.8,111.9,195.7,158.1,199.1,77.3,182.1,132.7,86.6,127.4,147.3,-99,90.8,216.9,126.4,147.4,172.7,108.9,85.3,-99,-99,-99,-99,-99,-99,-99,126.8,-99,-99,-99,-99,-99,-99,-99,-99,-99,-99,-99,-99,88.9,-99,-99,-99,-99,-99,-99,124.7,-99,-99,105.8,86.5,57.7
2024,November,191.4,-99,193.7,160.8,96.1,132.2,-99,124.6,110.7,137.1,-99,-99,-99,-99,-99,348.8,177.3,224.9,259.3,441.5,249,334.2,336,-99,366.2,-99,-99,-99,-99,-99,-99,-99,-99,-99,-99,-99,158.8,-99,-99,-99,-99,-99,-99,169,-99,-99,-99,-99,-99,-99,-99,-99,-99,-99,321.2,-99,-99,-99,-99,-99,-99,-99,-99,-99,-99,-99,-99,-99,-99,-99,-99,-99,-99,-99,-99,241,186.3,-99,-99,-99,-99,-99,-99,-99,-99,207.1,-99,-99,-99,-99,-99,-99,-99,167.5,-99,-99,-99,-99,-99,-99,-99,-99,-99,-99,-99,-99,125.7,-99,-99,-99,-99,-99,-99,159.2,-99,-99,225.6,176.9,188.9
2024,December,96.3,-99,49.7,-99,-99,-99,-99,-99,-99,-99,-99,-99,-99,-99,-99,-99,-99,98.6,-99,-99,-99,-99,-99,-99,82.9,-99,-99,-99,-99,-99,-99,-99,-99,-99,-99,-99,149.3,-99,-99,-99,-99,-99,-99,70.7,-99,-99,-99,-99,-99,-99,-99,-99,-99,-99,183,-99,-99,-99,-99,-99,-99,-99,-99,-99,-99,-99,-99,-99,-99,-99,-99,-99,-99,-99,-99,82.3,104.4,-99,-99,-99,-99,-99,-99,-99,-99,55.4,-99,-99,-99,-99,-99,-99,-99,96.5,-99,-99,-99,-99,-99,-99,-99,-99,-99,-99,-99,-99,74.8,-99,-99,-99,-99,-99,-99,147,-99,-99,-99,-99,-99
2025,January,81.2,-99,82.6,-99,-99,-99,-99,-99,-99,-99,-99,-99,-99,-99,-99,-99,-99,68.9,-99,-99,-99,-99,-99,-99,81.6,-99,-99,-99,-99,-99,-99,-99,-99,-99,-99,-99,80.7,-99,-99,-99,-99,-99,-99,-99,-99,-99,-99,-99,-99,-99,-99,-99,-99,-99,150.5,-99,-99,-99,-99,-99,-99,-99,-99,-99,-99,-99,-99,-99,-99,-99,-99,-99,-99,-99,-99,50.3,60.2,-99,-99,-99,-99,-99,-99,-99,-99,48.9,-99,-99,-99,-99,-99,-99,-99,10.1,-99,-99,-99,-99,-99,-99,-99,-99,-99,-99,-99,-99,55.4,-99,-99,-99,-99,-99,-99,99.3,-99,-99,-99,-99,-99
2025,February,18.8,27.1,29.3,27.3,50,91.6,40.5,78.5,62.4,18.4,64.1,-99,43.5,64.2,84.5,109.3,50.4,37,61.1,113.9,55.7,68.9,54.8,31.4,38.4,18.3,31.1,27.7,-99,46.9,46,41.4,59.2,13.3,-99,109,110.4,78.6,131.1,168.1,100.3,57.5,52.8,90.4,30.8,47.9,-99,56.4,55,107.9,47.8,105.4,-99,196.6,115.7,76.8,192.1,133.9,151.2,136,60.3,108.8,134.1,34.1,73.6,0.2,-99,33,76.8,79.4,31.5,94.2,14.9,50.6,75.7,43.7,-99,90.1,67,-99,87.7,77.6,99.9,-99,-99,45.4,-99,-99,34.9,-99,45.5,-99,99.2,40,57.5,-99,44.2,98,-99,-99,19.3,-99,60.3,-99,-99,16.1,20,-99,42.8,24.6,25.8,34.1,-99,71.7,50.2,49.8,-99,23.4,29.8
2025,March,152.4,-99,56.6,-99,162.4,240.1,210.8,204.6,-99,-99,-99,255.8,240.4,305.2,310.6,146.4,-99,195.9,205.2,-99,132.8,197,192.3,-99,253,132.1,-99,77.8,-99,112.1,122.4,179.6,88.7,96,-99,-99,128.1,86.9,-99,-99,66.2,98.4,216.3,158,-99,-99,-99,129.9,124.1,-99,-99,-99,83.6,120.7,94.1,161.7,128.1,248.1,-99,152.8,-99,119.1,161.4,165,124.7,-99,180.2,-99,243.7,123.3,176.6,177.8,74.6,181.3,165.6,134.5,121,201,-99,-99,103.7,115.6,190.9,152.3,-99,220.6,-99,162.1,-99,-99,66.4,287.8,238.8,113.6,52.1,-99,95.4,107.8,-99,-99,99.6,-99,-99,-99,119.6,79.4,135,-99,153.3,246,183.8,-99,-99,196.9,113.7,150.7,178,-99,-99
2025,April,216.9,101.9,135.3,164.6,166.2,121.7,151.9,152.4,102.8,170.1,425.3,142.3,242,192.4,237.9,384.7,154.2,194.9,212.7,268.4,195.2,184.8,213.9,146.5,194.5,165.3,137.6,151.4,168.2,257.7,155.7,159,184.6,129,133.6,191.1,191.6,180.8,240.8,-99,157.5,123.6,158.7,119.9,-99,176,155.4,206.3,268.9,229.1,251.1,106.6,150.6,207.6,220.5,139.9,212.7,210.7,230.3,169.7,213.2,200.3,168.7,129.9,140.9,225.7,192.8,174.5,297.1,304.2,269.4,257.8,111.5,236.5,255.9,222.3,170.9,175.3,192.1,-99,270.3,169.1,150.7,202.4,-99,187.9,-99,173.4,146.9,161,97.7,97.4,98.2,132.1,139.7,-99,90,155.8,131.1,174.1,152.6,-99,149.9,116.6,205.3,143.9,182.6,130.6,81.4,181.3,128.5,-99,99.3,154.2,105.4,157.7,108.1,110.3,105.4
2025,May,122.7,-99,98.9,-99,-99,-99,-99,-99,-99,-99,-99,-99,-99,-99,-99,-99,-99,105.7,-99,-99,-99,-99,-99,-99,127.3,-99,-99,-99,-99,-99,-99,-99,-99,-99,-99,-99,104.5,-99,-99,-99,-99,-99,-99,163.1,-99,-99,-99,-99,-99,-99,-99,-99,-99,-99,92.8,-99,-99,-99,-99,-99,-99,-99,-99,-99,-99,-99,-99,-99,-99,-99,-99,-99,-99,-99,-99,145.1,138.2,-99,-99,-99,-99,-99,-99,-99,-99,157.2,-99,-99,-99,-99,-99,-99,-99,185.4,-99,-99,-99,-99,-99,-99,-99,-99,-99,-99,-99,-99,114.2,-99,-99,-99,-99,-99,-99,106.7,-99,-99,-99,-99,-99
2025,June,24.7,-99,48.8,26.1,19.6,22.3,44.9,9,-99,4.6,15.4,1.1,40.1,3.2,44.1,54.4,-99,43.4,60,39.7,69.6,40.4,50.5,48.7,28.4,40.3,40.4,31.5,66.5,29.8,35.7,14,21.3,28.3,21.8,39,31.4,79.2,47.9,70.1,53.6,56,78.3,86.3,90.2,-99,-99,105.8,55.2,61.6,63.1,-99,66.3,27.4,62.2,27.2,40.2,82.3,27.6,-99,-99,40.5,56.4,44.1,76.6,-99,56.4,39.3,56.6,62.6,36.5,38.7,17.8,32,47.5,106,47.8,66.6,63.4,84.2,80,44.9,74.8,-99,-99,27.6,-99,-99,64.1,53.1,40,53.6,92.5,15.3,23.9,36.1,36.9,55.4,119,-99,42.5,-99,33.6,16.5,34.9,15.1,61.62,8.1,15.5,13.1,23.4,12.4,14.7,30.3,8.5,-99,18.5,13.1,12.9
2025,July,0.3,-99,7.8,11.2,1.2,9.7,5.1,0,-99,-99,7.2,0,2.4,1.6,2.9,20.2,10.6,17.4,11.5,21,21.1,4.6,8,12.6,12.7,-99,2.6,60.1,77.9,-99,32,-99,14,16.2,-99,103.4,97.4,88.4,63.4,-99,53.4,47,49.6,75.2,105.9,82.9,-99,109,82.2,100.1,125.5,107,41.8,-99,27.1,50.7,-99,99.6,125.2,-99,-99,32.7,40,3.3,19.9,3,4.2,-99,46.6,65.2,35.4,68.3,30.4,5.5,44.6,135.3,88.4,145.2,99.6,-99,44,43.7,43.5,18.4,-99,23.9,-99,-99,2.5,2,0.6,25.2,74.7,3.8,3.8,2.9,7.7,10.8,-99,26.3,5.6,-99,1.6,1.3,2.1,6.1,3.8,-99,2.8,0,0.3,0,0,4.6,0,0.8,3.5,9.4,-99
2025,August,64.1,-99,101.3,-99,-99,-99,-99,-99,-99,-99,-99,-99,61.2,-99,-99,-99,-99,62.4,-99,-99,-99,-99,-99,-99,68.84,-99,-99,-99,165.4,-99,-99,-99,101.5,-99,-99,-99,75.9,-99,-99,-99,-99,117.7,-99,-99,-99,-99,-99,80.1,-99,111.9,-99,80.9,-99,-99,95.5,-99,-99,64.3,-99,-99,-99,70.8,-99,119.2,82.1,-99,-99,-99,111.7,-99,-99,-99,-99,86.5,-99,89.4,110,130,-99,-99,177.2,-99,-99,141,-99,79,-99,-99,-99,-99,-99,-99,166.5,65.8,-99,-99,96,-99,-99,129.2,-99,-99,-99,-99,-99,17,34.1,-99,13,-99,-99,-99,-99,32.1,-99,54.7,86.3,44.7,-99
2025,September,35.9,-99,39.5,-99,25.8,-99,-99,-99,-99,-99,-99,88.4,79.3,-99,-99,-99,-99,121.7,-99,-99,-99,-99,-99,-99,56.5,-99,-99,-99,116.8,-99,-99,-99,55.2,-99,-99,-99,103.3,-99,-99,-99,-99,71.8,-99,108.8,-99,-99,-99,72,-99,61.4,-99,109.8,-99,-99,108.9,-99,-99,106,-99,-99,-99,132.4,-99,33.2,59.6,-99,-99,-99,79.2,-99,-99,-99,-99,69.7,-99,129.3,123.4,158.2,-99,-99,164.7,-99,-99,139,-99,138.57,-99,-99,-99,-99,-99,-99,57.7,57.7,-99,-99,18.3,-99,-99,40,-99,-99,-99,-99,-99,31.9,44.6,-99,18.1,8.2,-99,-99,-99,43.4,-99,58.4,55.8,32,-99
2025,October,103,123.5,95,114.7,185.3,128.5,158.2,103.1,138.9,132.5,191.7,63,190.3,117.8,173.9,412.3,170.7,204.8,249.7,265.8,154.5,226.1,175.3,167.6,144.4,169.9,116,112.4,94.9,185,141.2,166.2,114.4,91.9,160.7,156.4,161.7,194.8,173,297.3,133.7,211,169.2,115.8,189.6,174.9,107.3,199.6,174,234,198.6,198.8,97.8,118.6,191.7,195.1,147.6,263.4,297.6,131.8,205.4,220.1,182.9,194.9,169.9,13,191,236.4,144.1,176.4,116.9,128.9,153.7,129.2,179,196.9,214.4,168.6,229.1,198.7,250.6,169.2,164.6,216.8,-99,197.4,-99,220.8,151.8,-99,156.6,160.7,152.9,198.8,163.2,189.7,115.9,121.6,102,158.5,137.6,115.9,108.9,143,-99,110.5,-99,102.7,111.9,95.9,78.4,69.1,133.6,151.2,187.7,309,160.4,186.1,89.6
2025,November,107.8,75.1,66.5,-99,99.9,107.2,126.7,102.5,105.2,101.4,87.2,176.9,91.5,115.4,102.2,218,119,96.2,-99,113.1,150.8,155.8,116.9,122.2,88.4,78.7,144.2,118,146.8,174.9,138.3,131.5,100.7,140.2,82.9,96.4,125.1,153.9,113.2,157.5,122.1,86.7,50.6,-99,108.2,119.2,107.1,142,152,106.5,71.1,142.6,96.4,132.8,99.8,95.2,198.9,252.8,143,61.1,85,88.3,128.6,123.2,99.8,15.2,76.2,141.4,157.9,-99,152.2,229.7,110.5,135.8,173.5,214.4,126.5,145.8,146.8,-99,148,-99,58.7,109.9,-99,104.3,-99,130.7,81.5,84.2,91.6,87.6,91.4,211.1,116.4,80.1,68.7,92.8,95.4,-99,128.2,122,48.5,75.7,-99,109.4,-99,29.5,40.7,72.5,64.5,50.3,85.3,97.1,100.1,88.1,76.9,110.4,105.1
2025,December,98.7,-99,89.5,151.4,46.3,116.5,116.1,-99,102.5,134.6,-99,70.2,-99,97.1,125.1,199.4,-99,113.8,-99,139.5,131.5,-99,126.5,187.8,118.6,-99,130.5,77.9,-99,131,133.9,-99,110.2,104.6,-99,188.3,173.1,163.6,-99,221.4,178.5,137.3,92.9,153,135.7,121.6,108.3,83,134.1,-99,198.3,109.7,-99,-99,165.7,112.6,130.1,191,125.5,-99,-99,-99,-99,109.8,92.4,-99,-99,89.6,164.3,97.8,109.9,124.7,92.1,84.4,99.2,140.9,78.1,133.6,99.8,-99,128.9,154.4,121.4,54.7,-99,91.4,-99,119.3,88.4,85.9,163.3,115.2,129.7,81.9,-99,-99,99.5,92.1,-99,-99,164.5,-99,84.5,115,-99,-99,-99,83.5,78.3,80,94.1,94,-99,112.8,119.7,125.5,70.1,112.3,78.7
,,,,,,,,,,,,,,,,,,,,,,,,,,,,,,,,,,,,,,,,,,,,,,,,,,,,,,,,,,,,,,,,,,,,,,,,,,,,,,,,,,,,,,,,,,,,,,,,,,,,,,,,,,,,,,,,,,,,,,,,
,,290.6,249.5,215.4,272.1,234,298.9,249.9,393.1,255.1,301.9,523.1,365.2,364.4,357.3,335.2,412.3,265.3,351.5,327.5,441.5,333.2,388.5,342.7,264.6,366.2,209.9,262.4,292.6,247.4,343.2,344.6,317.9,244.5,259.8,295.2,325.9,218.3,352.8,385.9,495,283.1,264.1,246.6,221.7,301.1,268,321.1,272.2,299.9,275,323.8,272.7,351.2,281.7,327.2,235.8,274.1,426.5,329.1,245.9,258.9,302.1,297,227.4,252.3,248.5,217.8,283.2,334.4,349,337.5,350.2,286.7,310.9,341.4,279.4,317.2,328.6,348.4,228,276.7,231.1,263.4,262.8,209.2,281.7,219.7,226.3,203.9,229.6,230.4,287.8,238.8,211.1,167.5,195.9,212.5,240.9,182.5,197.8,361,220.3,228.7,229,205.3,203,255.3,190.2,184,246,183.8,213.3,281.3,299.6,187.7,309,255.5,269.5,190.8
,,-99,-99,-99,-99,-99,-99,-99,-99,-99,-99,-99,-99,-99,-99,-99,-99,-99,0,-99,-99,-99,-99,-99,-99,-99,-99,-99,-99,-99,-99,-99,-99,-99,-99,-99,-99,0,-99,-99,-99,-99,-99,-99,-99,-99,-99,-99,-99,-99,-99,-99,-99,-99,-99,0,-99,-99,-99,-99,-99,-99,-99,-99,-99,-99,-99,-99,-99,-99,-99,-99,-99,-99,-99,-99,-99,-99,-99,-99,-99,-99,-99,-99,-99,-99,0,-99,-99,-99,-99,-99,-99,-99,-99,-99,-99,-99,-99,-99,-99,-99,-99,-99,-99,-99,-99,-99,-99,-99,-99,-99,-99,-99,0,-99,-99,-99,-99,-99
